{
  "minecraft:recipes/building_blocks/flag.txt": {
    "criteria": {
      "fake_flag_lul": "flag{never_gonna_give_you_up}"
    },
    "done": true
  },
  "minecraft:recipes/building_blocks/polished_andesite_slab": {
    "criteria": {
      "has_polished_andesite": "2020-05-24 19:44:50 -0400"
    },
    "done": true
  },
  "minecraft:recipes/building_blocks/granite_stairs": {
    "criteria": {
      "has_granite": "2020-05-24 19:44:50 -0400"
    },
    "done": true
  },
  "minecraft:recipes/building_blocks/stone_bricks": {
    "criteria": {
      "has_stone": "2020-05-24 19:44:50 -0400"
    },
    "done": true
  },
  "minecraft:recipes/building_blocks/polished_diorite_stairs_from_diorite_stonecutting": {
    "criteria": {
      "has_diorite": "2020-05-24 19:44:50 -0400"
    },
    "done": true
  },
  "minecraft:recipes/building_blocks/stone_bricks_from_stone_stonecutting": {
    "criteria": {
      "has_stone": "2020-05-24 19:44:50 -0400"
    },
    "done": true
  },
  "minecraft:recipes/building_blocks/polished_andesite_stairs": {
    "criteria": {
      "has_polished_andesite": "2020-05-24 19:44:50 -0400"
    },
    "done": true
  },
  "minecraft:recipes/building_blocks/polished_andesite_stairs_from_andesite_stonecutting": {
    "criteria": {
      "has_andesite": "2020-05-24 19:44:50 -0400"
    },
    "done": true
  },
  "minecraft:recipes/decorations/yellow_stained_glass_pane_from_glass_pane": {
    "criteria": {
      "has_glass_pane": "2020-05-24 19:34:04 -0400"
    },
    "done": true
  },
  "minecraft:recipes/building_blocks/nether_brick_slab": {
    "criteria": {
      "has_nether_brick": "2020-05-24 19:31:05 -0400"
    },
    "done": true
  },
  "minecraft:recipes/building_blocks/diorite_stairs_from_diorite_stonecutting": {
    "criteria": {
      "has_diorite": "2020-05-24 19:44:50 -0400"
    },
    "done": true
  },
  "minecraft:recipes/decorations/crafting_table": {
    "criteria": {
      "has_planks": "2020-05-24 19:44:50 -0400"
    },
    "done": true
  },
  "minecraft:recipes/building_blocks/polished_granite_stairs": {
    "criteria": {
      "has_polished_granite": "2020-05-24 19:44:50 -0400"
    },
    "done": true
  },
  "minecraft:recipes/building_blocks/diorite_slab_from_diorite_stonecutting": {
    "criteria": {
      "has_diorite": "2020-05-24 19:44:50 -0400"
    },
    "done": true
  },
  "minecraft:recipes/building_blocks/smooth_stone": {
    "criteria": {
      "has_stone": "2020-05-24 19:44:50 -0400"
    },
    "done": true
  },
  "minecraft:recipes/building_blocks/polished_diorite_slab_from_polished_diorite_stonecutting": {
    "criteria": {
      "has_polished_diorite": "2020-05-24 19:44:50 -0400"
    },
    "done": true
  },
  "minecraft:recipes/building_blocks/dark_oak_slab": {
    "criteria": {
      "has_planks": "2020-05-24 19:44:50 -0400"
    },
    "done": true
  },
  "minecraft:recipes/decorations/cyan_stained_glass_pane_from_glass_pane": {
    "criteria": {
      "has_glass_pane": "2020-05-24 19:34:04 -0400"
    },
    "done": true
  },
  "minecraft:recipes/decorations/chest": {
    "criteria": {
      "has_lots_of_items": "2020-05-24 19:34:35 -0400"
    },
    "done": true
  },
  "minecraft:recipes/building_blocks/nether_brick_stairs_from_nether_bricks_stonecutting": {
    "criteria": {
      "has_nether_bricks": "2020-05-24 19:31:05 -0400"
    },
    "done": true
  },
  "minecraft:recipes/decorations/nether_brick_wall": {
    "criteria": {
      "has_nether_bricks": "2020-05-24 19:31:05 -0400"
    },
    "done": true
  },
  "minecraft:recipes/building_blocks/stone_slab_from_stone_stonecutting": {
    "criteria": {
      "has_stone": "2020-05-24 19:44:50 -0400"
    },
    "done": true
  },
  "minecraft:recipes/building_blocks/chiseled_stone_bricks_stone_from_stonecutting": {
    "criteria": {
      "has_stone": "2020-05-24 19:44:50 -0400"
    },
    "done": true
  },
  "minecraft:recipes/decorations/painting": {
    "criteria": {
      "has_wool": "2020-05-24 19:44:50 -0400"
    },
    "done": true
  },
  "minecraft:recipes/decorations/blue_stained_glass_pane_from_glass_pane": {
    "criteria": {
      "has_glass_pane": "2020-05-24 19:34:04 -0400"
    },
    "done": true
  },
  "minecraft:recipes/building_blocks/jungle_wood": {
    "criteria": {
      "has_log": "2020-05-24 19:44:50 -0400"
    },
    "done": true
  },
  "minecraft:recipes/redstone/dark_oak_button": {
    "criteria": {
      "has_planks": "2020-05-24 19:44:50 -0400"
    },
    "done": true
  },
  "minecraft:recipes/building_blocks/stone_slab": {
    "criteria": {
      "has_stone": "2020-05-24 19:44:50 -0400"
    },
    "done": true
  },
  "minecraft:recipes/misc/stick": {
    "criteria": {
      "has_planks": "2020-05-24 19:44:50 -0400"
    },
    "done": true
  },
  "minecraft:recipes/building_blocks/andesite_slab_from_andesite_stonecutting": {
    "criteria": {
      "has_andesite": "2020-05-24 19:44:50 -0400"
    },
    "done": true
  },
  "minecraft:recipes/building_blocks/spruce_wood": {
    "criteria": {
      "has_log": "2020-05-24 19:44:50 -0400"
    },
    "done": true
  },
  "minecraft:recipes/building_blocks/stone_brick_slab_from_stone_stonecutting": {
    "criteria": {
      "has_stone": "2020-05-24 19:44:50 -0400"
    },
    "done": true
  },
  "minecraft:recipes/transportation/spruce_boat": {
    "criteria": {
      "in_water": "2020-05-24 19:46:33 -0400"
    },
    "done": true
  },
  "minecraft:recipes/decorations/gray_banner": {
    "criteria": {
      "has_gray_wool": "2020-05-24 19:44:50 -0400"
    },
    "done": true
  },
  "minecraft:recipes/decorations/light_blue_carpet": {
    "criteria": {
      "has_light_blue_wool": "2020-05-24 19:44:50 -0400"
    },
    "done": true
  },
  "minecraft:recipes/building_blocks/diorite_stairs": {
    "criteria": {
      "has_diorite": "2020-05-24 19:44:50 -0400"
    },
    "done": true
  },
  "minecraft:recipes/building_blocks/granite_slab_from_granite_stonecutting": {
    "criteria": {
      "has_granite": "2020-05-24 19:44:50 -0400"
    },
    "done": true
  },
  "minecraft:recipes/building_blocks/polished_granite_from_granite_stonecutting": {
    "criteria": {
      "has_granite": "2020-05-24 19:44:50 -0400"
    },
    "done": true
  },
  "minecraft:recipes/redstone/dark_oak_door": {
    "criteria": {
      "has_planks": "2020-05-24 19:44:50 -0400"
    },
    "done": true
  },
  "minecraft:recipes/building_blocks/andesite": {
    "criteria": {
      "has_stone": "2020-05-24 19:44:50 -0400"
    },
    "done": true
  },
  "minecraft:recipes/building_blocks/polished_andesite_stairs_from_polished_andesite_stonecutting": {
    "criteria": {
      "has_polished_andesite": "2020-05-24 19:44:50 -0400"
    },
    "done": true
  },
  "minecraft:recipes/building_blocks/jungle_planks": {
    "criteria": {
      "has_log": "2020-05-24 19:44:50 -0400"
    },
    "done": true
  },
  "minecraft:recipes/decorations/red_banner": {
    "criteria": {
      "has_red_wool": "2020-05-24 19:44:50 -0400"
    },
    "done": true
  },
  "minecraft:recipes/decorations/gray_carpet": {
    "criteria": {
      "has_gray_wool": "2020-05-24 19:44:50 -0400"
    },
    "done": true
  },
  "minecraft:recipes/decorations/gray_bed": {
    "criteria": {
      "has_gray_wool": "2020-05-24 19:44:50 -0400"
    },
    "done": true
  },
  "minecraft:recipes/decorations/white_stained_glass_pane_from_glass_pane": {
    "criteria": {
      "has_glass_pane": "2020-05-24 19:34:04 -0400"
    },
    "done": true
  },
  "minecraft:recipes/building_blocks/diorite_slab": {
    "criteria": {
      "has_diorite": "2020-05-24 19:44:50 -0400"
    },
    "done": true
  },
  "minecraft:recipes/decorations/granite_wall": {
    "criteria": {
      "has_granite": "2020-05-24 19:44:50 -0400"
    },
    "done": true
  },
  "minecraft:recipes/decorations/orange_banner": {
    "criteria": {
      "has_orange_wool": "2020-05-24 19:44:50 -0400"
    },
    "done": true
  },
  "minecraft:recipes/redstone/stone_button": {
    "criteria": {
      "has_stone": "2020-05-24 19:44:50 -0400"
    },
    "done": true
  },
  "minecraft:recipes/decorations/green_stained_glass_pane_from_glass_pane": {
    "criteria": {
      "has_glass_pane": "2020-05-24 19:34:04 -0400"
    },
    "done": true
  },
  "minecraft:recipes/building_blocks/polished_diorite_slab_from_diorite_stonecutting": {
    "criteria": {
      "has_diorite": "2020-05-24 19:44:50 -0400"
    },
    "done": true
  },
  "minecraft:recipes/redstone/dark_oak_trapdoor": {
    "criteria": {
      "has_planks": "2020-05-24 19:44:50 -0400"
    },
    "done": true
  },
  "minecraft:recipes/building_blocks/granite_stairs_from_granite_stonecutting": {
    "criteria": {
      "has_granite": "2020-05-24 19:44:50 -0400"
    },
    "done": true
  },
  "minecraft:recipes/building_blocks/polished_diorite_from_diorite_stonecutting": {
    "criteria": {
      "has_diorite": "2020-05-24 19:44:50 -0400"
    },
    "done": true
  },
  "minecraft:recipes/building_blocks/nether_brick_slab_from_nether_bricks_stonecutting": {
    "criteria": {
      "has_nether_bricks": "2020-05-24 19:31:05 -0400"
    },
    "done": true
  },
  "minecraft:recipes/building_blocks/polished_granite_slab": {
    "criteria": {
      "has_polished_granite": "2020-05-24 19:44:50 -0400"
    },
    "done": true
  },
  "minecraft:recipes/building_blocks/stone_stairs_from_stone_stonecutting": {
    "criteria": {
      "has_stone": "2020-05-24 19:44:50 -0400"
    },
    "done": true
  },
  "minecraft:recipes/building_blocks/andesite_stairs_from_andesite_stonecutting": {
    "criteria": {
      "has_andesite": "2020-05-24 19:44:50 -0400"
    },
    "done": true
  },
  "minecraft:recipes/decorations/diorite_wall_from_diorite_stonecutting": {
    "criteria": {
      "has_diorite": "2020-05-24 19:44:50 -0400"
    },
    "done": true
  },
  "minecraft:recipes/decorations/diorite_wall": {
    "criteria": {
      "has_diorite": "2020-05-24 19:44:50 -0400"
    },
    "done": true
  },
  "minecraft:recipes/building_blocks/polished_granite_stairs_from_polished_granite_stonecutting": {
    "criteria": {
      "has_polished_granite": "2020-05-24 19:44:50 -0400"
    },
    "done": true
  },
  "minecraft:recipes/decorations/orange_carpet": {
    "criteria": {
      "has_orange_wool": "2020-05-24 19:44:50 -0400"
    },
    "done": true
  },
  "minecraft:recipes/building_blocks/polished_andesite": {
    "criteria": {
      "has_stone": "2020-05-24 19:44:50 -0400"
    },
    "done": true
  },
  "minecraft:recipes/redstone/dark_oak_pressure_plate": {
    "criteria": {
      "has_planks": "2020-05-24 19:44:50 -0400"
    },
    "done": true
  },
  "minecraft:recipes/decorations/stonecutter": {
    "criteria": {
      "has_stone": "2020-05-24 19:44:50 -0400"
    },
    "done": true
  },
  "minecraft:adventure/adventuring_time": {
    "criteria": {
      "minecraft:desert_hills": "2020-05-24 19:22:54 -0400",
      "minecraft:desert": "2020-05-24 19:22:28 -0400",
      "minecraft:savanna_plateau": "2020-05-24 19:22:07 -0400",
      "minecraft:river": "2020-05-24 19:46:33 -0400",
      "minecraft:savanna": "2020-05-24 19:21:33 -0400"
    },
    "done": false
  },
  "minecraft:recipes/building_blocks/andesite_stairs": {
    "criteria": {
      "has_andesite": "2020-05-24 19:44:50 -0400"
    },
    "done": true
  },
  "minecraft:recipes/misc/charcoal": {
    "criteria": {
      "has_log": "2020-05-24 19:44:50 -0400"
    },
    "done": true
  },
  "minecraft:recipes/building_blocks/spruce_planks": {
    "criteria": {
      "has_log": "2020-05-24 19:44:50 -0400"
    },
    "done": true
  },
  "minecraft:recipes/decorations/lime_stained_glass_pane_from_glass_pane": {
    "criteria": {
      "has_glass_pane": "2020-05-24 19:34:04 -0400"
    },
    "done": true
  },
  "minecraft:recipes/decorations/nether_brick_fence": {
    "criteria": {
      "has_nether_brick": "2020-05-24 19:31:05 -0400"
    },
    "done": true
  },
  "minecraft:recipes/transportation/birch_boat": {
    "criteria": {
      "in_water": "2020-05-24 19:46:33 -0400"
    },
    "done": true
  },
  "minecraft:recipes/building_blocks/polished_diorite_slab": {
    "criteria": {
      "has_polished_diorite": "2020-05-24 19:44:50 -0400"
    },
    "done": true
  },
  "minecraft:recipes/building_blocks/polished_granite_slab_from_granite_stonecutting": {
    "criteria": {
      "has_granite": "2020-05-24 19:44:50 -0400"
    },
    "done": true
  },
  "minecraft:recipes/building_blocks/polished_andesite_slab_from_andesite_stonecutting": {
    "criteria": {
      "has_andesite": "2020-05-24 19:44:50 -0400"
    },
    "done": true
  },
  "minecraft:recipes/decorations/barrel": {
    "criteria": {
      "has_planks": "2020-05-24 19:44:50 -0400"
    },
    "done": true
  },
  "minecraft:recipes/decorations/red_carpet": {
    "criteria": {
      "has_red_wool": "2020-05-24 19:44:50 -0400"
    },
    "done": true
  },
  "minecraft:recipes/decorations/red_bed": {
    "criteria": {
      "has_red_wool": "2020-05-24 19:44:50 -0400"
    },
    "done": true
  },
  "minecraft:recipes/building_blocks/polished_andesite_from_andesite_stonecutting": {
    "criteria": {
      "has_andesite": "2020-05-24 19:44:50 -0400"
    },
    "done": true
  },
  "minecraft:recipes/decorations/light_blue_banner": {
    "criteria": {
      "has_light_blue_wool": "2020-05-24 19:44:50 -0400"
    },
    "done": true
  },
  "minecraft:recipes/transportation/acacia_boat": {
    "criteria": {
      "in_water": "2020-05-24 19:46:33 -0400"
    },
    "done": true
  },
  "minecraft:recipes/redstone/stone_pressure_plate": {
    "criteria": {
      "has_stone": "2020-05-24 19:44:50 -0400"
    },
    "done": true
  },
  "minecraft:recipes/decorations/purple_stained_glass_pane_from_glass_pane": {
    "criteria": {
      "has_glass_pane": "2020-05-24 19:34:04 -0400"
    },
    "done": true
  },
  "minecraft:recipes/transportation/jungle_boat": {
    "criteria": {
      "in_water": "2020-05-24 19:46:33 -0400"
    },
    "done": true
  },
  "minecraft:recipes/decorations/stone_brick_walls_from_stone_stonecutting": {
    "criteria": {
      "has_stone": "2020-05-24 19:44:50 -0400"
    },
    "done": true
  },
  "minecraft:recipes/building_blocks/polished_andesite_slab_from_polished_andesite_stonecutting": {
    "criteria": {
      "has_polished_andesite": "2020-05-24 19:44:50 -0400"
    },
    "done": true
  },
  "minecraft:recipes/building_blocks/stone_brick_stairs_from_stone_stonecutting": {
    "criteria": {
      "has_stone": "2020-05-24 19:44:50 -0400"
    },
    "done": true
  },
  "minecraft:recipes/transportation/dark_oak_boat": {
    "criteria": {
      "in_water": "2020-05-24 19:46:33 -0400"
    },
    "done": true
  },
  "minecraft:recipes/decorations/andesite_wall_from_andesite_stonecutting": {
    "criteria": {
      "has_andesite": "2020-05-24 19:44:50 -0400"
    },
    "done": true
  },
  "minecraft:recipes/building_blocks/dark_oak_stairs": {
    "criteria": {
      "has_planks": "2020-05-24 19:44:50 -0400"
    },
    "done": true
  },
  "minecraft:recipes/building_blocks/polished_granite_slab_from_polished_granite_stonecutting": {
    "criteria": {
      "has_polished_granite": "2020-05-24 19:44:50 -0400"
    },
    "done": true
  },
  "minecraft:recipes/building_blocks/nether_brick_stairs": {
    "criteria": {
      "has_nether_brick": "2020-05-24 19:31:05 -0400"
    },
    "done": true
  },
  "minecraft:recipes/decorations/orange_bed": {
    "criteria": {
      "has_orange_wool": "2020-05-24 19:44:50 -0400"
    },
    "done": true
  },
  "minecraft:recipes/decorations/orange_stained_glass_pane_from_glass_pane": {
    "criteria": {
      "has_glass_pane": "2020-05-24 19:34:04 -0400"
    },
    "done": true
  },
  "minecraft:recipes/building_blocks/polished_granite": {
    "criteria": {
      "has_stone": "2020-05-24 19:44:50 -0400"
    },
    "done": true
  },
  "minecraft:recipes/building_blocks/granite_slab": {
    "criteria": {
      "has_granite": "2020-05-24 19:44:50 -0400"
    },
    "done": true
  },
  "minecraft:recipes/decorations/brown_stained_glass_pane_from_glass_pane": {
    "criteria": {
      "has_glass_pane": "2020-05-24 19:34:04 -0400"
    },
    "done": true
  },
  "minecraft:recipes/decorations/dark_oak_sign": {
    "criteria": {
      "has_dark_oak_planks": "2020-05-24 19:44:50 -0400"
    },
    "done": true
  },
  "minecraft:recipes/decorations/black_stained_glass_pane_from_glass_pane": {
    "criteria": {
      "has_glass_pane": "2020-05-24 19:34:04 -0400"
    },
    "done": true
  },
  "minecraft:recipes/building_blocks/stone_stairs": {
    "criteria": {
      "has_stone": "2020-05-24 19:44:50 -0400"
    },
    "done": true
  },
  "minecraft:recipes/redstone/dark_oak_fence_gate": {
    "criteria": {
      "has_planks": "2020-05-24 19:44:50 -0400"
    },
    "done": true
  },
  "minecraft:recipes/decorations/pink_stained_glass_pane_from_glass_pane": {
    "criteria": {
      "has_glass_pane": "2020-05-24 19:34:04 -0400"
    },
    "done": true
  },
  "minecraft:recipes/decorations/light_gray_stained_glass_pane_from_glass_pane": {
    "criteria": {
      "has_glass_pane": "2020-05-24 19:34:04 -0400"
    },
    "done": true
  },
  "minecraft:recipes/decorations/gray_stained_glass_pane_from_glass_pane": {
    "criteria": {
      "has_glass_pane": "2020-05-24 19:34:04 -0400"
    },
    "done": true
  },
  "minecraft:recipes/building_blocks/polished_diorite_stairs_from_polished_diorite_stonecutting": {
    "criteria": {
      "has_polished_diorite": "2020-05-24 19:44:50 -0400"
    },
    "done": true
  },
  "minecraft:recipes/decorations/granite_wall_from_granite_stonecutting": {
    "criteria": {
      "has_granite": "2020-05-24 19:44:50 -0400"
    },
    "done": true
  },
  "minecraft:recipes/decorations/dark_oak_fence": {
    "criteria": {
      "has_planks": "2020-05-24 19:44:50 -0400"
    },
    "done": true
  },
  "minecraft:recipes/building_blocks/polished_diorite_stairs": {
    "criteria": {
      "has_polished_diorite": "2020-05-24 19:44:50 -0400"
    },
    "done": true
  },
  "minecraft:recipes/building_blocks/polished_diorite": {
    "criteria": {
      "has_stone": "2020-05-24 19:44:50 -0400"
    },
    "done": true
  },
  "minecraft:recipes/decorations/nether_brick_wall_from_nether_bricks_stonecutting": {
    "criteria": {
      "has_nether_bricks": "2020-05-24 19:31:05 -0400"
    },
    "done": true
  },
  "minecraft:recipes/decorations/light_blue_stained_glass_pane_from_glass_pane": {
    "criteria": {
      "has_glass_pane": "2020-05-24 19:34:04 -0400"
    },
    "done": true
  },
  "minecraft:recipes/decorations/andesite_wall": {
    "criteria": {
      "has_andesite": "2020-05-24 19:44:50 -0400"
    },
    "done": true
  },
  "minecraft:recipes/building_blocks/polished_granite_stairs_from_granite_stonecutting": {
    "criteria": {
      "has_granite": "2020-05-24 19:44:50 -0400"
    },
    "done": true
  },
  "minecraft:recipes/building_blocks/andesite_slab": {
    "criteria": {
      "has_andesite": "2020-05-24 19:44:50 -0400"
    },
    "done": true
  },
  "minecraft:recipes/decorations/red_stained_glass_pane_from_glass_pane": {
    "criteria": {
      "has_glass_pane": "2020-05-24 19:34:04 -0400"
    },
    "done": true
  },
  "minecraft:recipes/transportation/oak_boat": {
    "criteria": {
      "in_water": "2020-05-24 19:46:33 -0400"
    },
    "done": true
  },
  "minecraft:recipes/misc/gold_ingot_from_gold_block": {
    "criteria": {
      "has_gold_block": "2020-05-24 19:44:50 -0400"
    },
    "done": true
  },
  "minecraft:recipes/decorations/light_blue_bed": {
    "criteria": {
      "has_light_blue_wool": "2020-05-24 19:44:50 -0400"
    },
    "done": true
  },
  "minecraft:recipes/decorations/magenta_stained_glass_pane_from_glass_pane": {
    "criteria": {
      "has_glass_pane": "2020-05-24 19:34:04 -0400"
    },
    "done": true
  },
  "DataVersion": 2230
}